,num_pregnant,plasma,dbp,skin,insulin,bmi,pedi,age,y_true,y_pred
204,6,103,72,32,190,37.7,0.324,55,1,0
716,3,173,78,39,185,33.8,0.97,31,0,0
227,3,162,52,38,0,37.2,0.652,24,0,0
691,13,158,114,0,0,42.3,0.257,44,0,0
336,0,117,0,0,0,33.8,0.932,44,1,0
39,4,111,72,47,207,37.1,1.39,56,0,0
192,7,159,66,0,0,30.4,0.383,36,0,0
487,0,173,78,32,265,46.5,1.159,58,1,0
606,1,181,78,42,293,40.0,1.258,22,0,0
300,0,167,0,0,0,32.3,0.839,30,0,0
